numero;titulo;artista;idioma
19891;BORN TO BE MY BABY;Bon Jovi;EUA
17323;DESBLOQUEADO;Diego e Victor Hugo;BRA
19915;ROCK AND ROLL;Led Zeppelin;EUA
17355;PARADA LOUCA;Mari Fernandez;BRA
17363;FA CLUBE;Marilia Mendonca;BRA
17349;TIPO GIN (E ELA TA MOVIMENTAND…;MC Kevin O Chris;BRA
19874;HOW YOU REMIND ME;Nickelback;EUA
19832;SHUT UP;Simple Plan;EUA
17369;ROLE (VAI BEBER, VAI CHORAR, V…;Tarcisio do Acordeon;BRA
17360;VAMO TOMAR UMA;Ze Neto e Cristiano;BRA
17731;DONA DE MIM;Ana Castela;BRA
17697;NOSSO QUADRO;Ana Castela;BRA
17778;SOLTEIRO FORCADO;Ana Castela;BRA
17538;PIPOCO;Ana Castela - Melody;BRA
17746;LUA CHEIA;Armandinho;BRA
17763;CHOREI NA VAQUEJADA;Eric Land;BRA
17630;VARIAS QUEIXAS;Gilsons;BRA
17678;RADAR;Gloria Groove;BRA
17727;VERMELHO;Gloria Groove;BRA
17587;EU GOSTO ASSIM;Gustavo Mioto;BRA
17732;ENQUANTO ME BEIJA;Jão;BRA
17687;PILANTRA;Jão - Anitta;BRA
17759;TE AMO (EM CAIXA ALTA);Kiaz - Anitta;BRA
17729;WHISKY VAGABUNDO;Lauana Prado;BRA
17623;BABY 95;Liniker;BRA
17610;ZERO;Liniker - Os Caramelows;BRA
17648;SOLTEIROU;Luan Santana;BRA
17681;CACHORRINHAS;Luisa Sonza;BRA
17666;LEAO;Marília Mendonça;BRA
17626;EXCLUSIVIDADE;Matheus e Kauan;BRA
17774;LAPADA DELA;Menos e Mais;BRA
17646;PALHACA;Naiara Azevedo;BRA
17712;CADE VOCE QUE NAO ESTA;Sandy e Júnior;BRA
17680;TO VOLTANDO;Simone;BRA
17653;ERRO GOSTOSO;Simone Mendes;BRA
17698;OI ERRO;Simone Mendes;BRA
17758;SAUDADE BOA;Tiago Iorc;BRA
17730;ZANGADINHA;Tiago Iorc - Ludmilla;BRA
17601;BANDIDO;Ze Felipe - MC Mari;BRA
20353;GOOD RIDDANCE (TIME OF YOUR LI…;Green Day;EUA
20046;I WAS MADE FOR LOVIN YOU;Kiss;EUA
17764;ENTRE ELE E EU;Zezé Di Camargo e Luciano;BRA
17618;QUANDO A GENTE AMA DEMAIS;Zezé Di Camargo e Luciano;BRA
20555;FLY AWAY FROM HERE;Aerosmith;EUA
20601;CUFF IT;Beyonce;EUA
20588;NO TIME TO DIE;Billie Eilish;EUA
20595;HIGHER POWER;Coldplay;EUA
20602;DANCE THE NIGHT;Dua Lipa;EUA
20597;LOVE COMES TO EVERYONE;George Harrison;EUA
20511;AS IT WAS;Harry Styles;EUA
20576;LATE NIGHT TALKING;Harry Styles;EUA
20561;GONNA MAKE YOU NA OFFER YOU CA…;Jimmy Helms;EUA
20527;RUNNING UP THAT HILL (A DEAL W…;Kate Bush;EUA
20592;BLUE JEANS;Lana Del Rey;EUA
20556;GOOD AS HELL;Lizzo - Ariana Grande;EUA
20574;FLOWERS;Miley Cyrus;EUA
20607;ORIGINAL PRANKSTER;Offspring (The);EUA
20567;ONLY LOVE CAN HURT LIKE THIS;Paloma Faith;EUA
20559;SIRENS;Pearl Jam;EUA
20577;LIFT ME UP;Rihanna;EUA
20585;LLYLM;Rosalia;EUA
20578;NEVER NEVER LOVE;Simply Red;EUA
20591;BETCHA BY GOLLY WOW;Stylistics (The);EUA
20582;ANTI-HERO;Taylor Swift;EUA
17812;BOIADEIRA;Ana Castela;BRA
20612;BOYS DON´T CRY;Anitta;EUA
20620;WHAT WAS I MADE FOR;Billie Eilish;EUA
17782;DEUS ME PROTEJA;Chico Cesar;BRA
17787;TRISTE, LOUCA OU MA…;Francisco, El Hombre;BRA
17798;PRA GENTE ACORDAR;Gilsons;BRA
17802;CE NAMORAVA;Gustavo Mioto;BRA
17793;CANUDINHO;Gusttavo Lima;BRA
17795;ME LAMBE;Jão;BRA
17814;DAQUI PRA SEMPRE;Manu Bahtidão;BRA
17815;FELIZ, ALEGRE E FORTE;Marisa Monte;BRA
